{"_runtime":5.632751725,"_step":7,"acc":0.8340825383043454,"_wandb":{"runtime":5},"loss":0.060428983876169066,"_timestamp":1.731954923762783e+09}